{"cameraMode":{"drawMode":0,"name":"Shaded","section":"Shading Mode"},"sceneLighting":false,"audioPlay":false,"sceneViewState":{"m_AlwaysRefresh":false,"showFog":true,"showSkybox":false,"showFlares":true,"showImageEffects":true,"showParticleSystems":true,"showVisualEffectGraphs":true,"m_FxEnabled":true},"in2DMode":false,"pivot":{"x":-1.0782866477966309,"y":1.8072123527526856,"z":-1.838320255279541},"rotation":{"x":0.19515176117420197,"y":-0.05003364756703377,"z":0.010045900009572506,"w":0.9787850379943848},"size":0.5744563937187195,"orthographic":false}