{"cameraMode":{"drawMode":0,"name":"Shaded","section":"Shading Mode"},"sceneLighting":false,"audioPlay":false,"sceneViewState":{"m_AlwaysRefresh":false,"showFog":true,"showSkybox":false,"showFlares":true,"showImageEffects":true,"showParticleSystems":true,"showVisualEffectGraphs":true,"m_FxEnabled":true},"in2DMode":false,"pivot":{"x":0.4239741861820221,"y":2.421534776687622,"z":-1.9329259395599366},"rotation":{"x":0.24126684665679933,"y":-0.6058993935585022,"z":0.20121710002422334,"w":0.7299257516860962},"size":3.4169273376464845,"orthographic":false}