{"cameraMode":{"drawMode":0,"name":"Shaded","section":"Shading Mode"},"sceneLighting":false,"audioPlay":false,"sceneViewState":{"m_AlwaysRefresh":false,"showFog":true,"showSkybox":false,"showFlares":true,"showImageEffects":true,"showParticleSystems":true,"showVisualEffectGraphs":true,"m_FxEnabled":true},"in2DMode":false,"pivot":{"x":-0.6755223870277405,"y":2.5986969470977785,"z":-1.9065773487091065},"rotation":{"x":0.11839038878679276,"y":0.035720136016607288,"z":-0.0037075935397297146,"w":0.991641640663147},"size":2.4494898319244386,"orthographic":false}